His Noodly Appendage;159
ArchieLeech;73
hohodor;90
The Fissure King;92
bortman;89
The Internet's Cappadocius;28
Aranaktu;124
Spoonzer;94
Jaye Tyler;75
itbegins2005;111
Beasterly;173
Robert Maitland, Architect;34
A Talking Banana!?!;46
InnDE;144
Edgar Allan Hoe;63
Harvey Dent;175
Professor Lavabot;101
Sy_Snootles_Is_Hot;151
LJo1;96
Elliot Thomas;89
RobertPostsChild;62
Wallis Lane;120
Other Guy;42
Lockeout;64
Mustard Of Doom;111
longbox jockey;67
CineCraft;19
ImpossibleTreeSloth;89
Werdup;52
Eltneg;56
LibraryLass;81
weaselsoup;25
enuma;136
Monkeylint;135
Science is Bad;143
mcquack;64
HiKermie;118
Tavernacle;66
Pulprobot;156
Great Boos Up;85
SimonDelMonte;8
intangible fancy;99
thad barkley;16
dw;27
Blargg;103
Sprio Agnew;3
worker201;24
WaldoJeffers;39
Bresson's Windmill Farms;11
Emperor Snapper;110
Chico McDirk;62
AlternativeUsername;153
Captain Video;30
Max_Jets;48
CheeseWizard;163
A Dopehead in a Cubs Cup;10
Totalitarian Vegetables;93
This Time, It's Personal!;113
Dikachu;70
PowerThirteen;34
Future-ex Mrs. Malcolm;78
SeedyC;84
Dr. Julius Tonberry;73
El Santo;178
DaughterofUhtred;48
Wes Lawson;107
man-in-the-moon-man;104
Pops Freshenmeyer;136
Canadave87;130
Pauli;98
Gilles De Raisin Bran;90
Matt Scanlon;98
adam farrar;126
Krellis;124
sagittariuskim;18
Chuck Kloster Wallace;30
blackmoon eleven;109
TaumpyTearrs;44
Dr Orchid;122
ThingyBlahBlah3;109
Qaulifiersrep;1
Qualifiersrep;47
Dan Pierce;143
Side Character;88
Corporal Hicks;88
The Sigil of LLVVRR;84
PeaceNickel;61
brocked;70
HobbesMk2;80
Sandwich Tunes;104
Bresson's Windmill Farm;5
Bobson Dugnutt;34
JonHamm'sJohnHam;68
Doctor Nick;85
norma jean monster;156
El Marinero;129
Mindymoo;79
Ifwewait;132
Mirage;43
Captain Dada;80
Whovian;179
Bobson Dunutt;4
emmelemm;162
Shugah;32
Fat Mortician;53
WilhelmWolff;110
Freakynought;4
polly shouldn't be;112
A Dopehead in a Cubs Cap;44
Jeff Mangum Dong;78
How to Get Away with Mordor;108
Joey Blowey;169
Spituna;49
ItsCalledTheToddProblem;18
Flesh;42
Zeussical;21
TheCleverGuy;133
LouieBlue;150
OccasionalJonathan;70
Lovely Bones;57
TheNotoriousWIG;174
allstonwolfspider;107
Ham Rove's Ghost;44
bmoore4026;29
Cop on the Edge-ish;161
quietinstrumentals;61
errday;61
worker 201;12
Uncanny Valet;147
Trance;41
lutair;84
MattS;64
Starbuck;51
BannerThief;54
Spiro Agnew;45
Chuck Koster Wallace;2
saggitariuskim;19
Immortan Scott;133
GoochExtension;67
Bulldada;144
The Thin White Duke;42
Pringles;74
Disgruntled Goat;107
Biff;128
Tereglith;165
SingingBrakeman;95
Platformula;34
A Winged Potato;67
Corn;76
Sheriff Lobo;55
Just Ask This Scientician;73
Annanomally;55
SocksForBoomer;46
molly man;60
The Pho;117
Jackie O Shades;97
Grumproro;36
exexalien;107
JonHamm'sJohnHamm;32
Laszlo Panaflex;76
MisterSplendiferous;46
Girard;43
Owen1120;47
Aoqi888;67
Jason P;62
Coolhand Fluke;117
El Marchko;104
The Prighlofone;49
kevzero;60
Swampgas_Man;133
SlamAdams;131
subsaharan;79
Chicken of Tomorrow;111
Manuel Faces;82
I Am A Cyentist;89
The BabaDuke;31
coffee_mug;37
AlanWilder;91
fenton;32
romanes eunt domus;70
Ribbon Clerk;27
Toasterlad;78
scrappybilly;128
Aiwendil;102
clem;178
Ben Grimm;138
A Dopehead in a Cubs Cab;2
Adrian Pimento;185
Ophelia's Revenge;119
phillsportsfan;12
WM;85
Councilman_Les_Wynan;142
BeardedPancakes;54
Ben;118
future-ex Mrs. Malcolm;23
Tintin Quarantino;29
Raven Wilder;50
insidemyhead;86
freakynaught;2
Destory Him My Robots;3
Satan McVillain;69
Buck Dharma Initiative;117
Cigarette;43
Israeli Remake of Montypark;31
VERB THE ADJECTIVE NOUN;48
bluelightspecial;52
Dr. Julis Tonberry;2
PRIVILEGED;71
Razz Matazz;65
My Pen!;39
Zach and Coke;61
JonHamm'sJonHam;40
Rex Banner;151
Promethea;49
Gougagna;83
Fat Moritician;17
Zkywalker;75
SilentSpy;99
freakynought;5
NUME;91
SocksForBummer;4
phillysportsfan;55
gogiggs;73
Warrior;33
Simon DelMonte;97
Sheltie;144
Poseur;129
Billy Everyteen;108
Megara Justice Machine;50
Flubba Gunto;39
Destroy Him My Robots;100
Refer Madness;107
Awesome to the Mad Max;43
The Landstander;184
KGB;127
jroberts548;93
Bluelightspecial;8
RiverSong;61
exorcissy72;85
MarkoP;93
Jimmy James, MBDW;140
WilfelmWolff;6
